timestamp,epoch,iteration,iterations_per_epoch,learning_rate,loss,batch_cost_sec,data_cost_sec,images_per_sec,max_mem_reserved_mb,max_mem_allocated_mb
09/14 12:13:24,0,1,115,0.000000,38.352554,2.5900,1.3770,3.0888,15492,14513
09/14 12:13:27,0,11,115,0.000010,38.265575,0.3148,0.0013,25.4169,15492,14513
09/14 12:13:30,0,21,115,0.000020,39.672197,0.3139,0.0019,25.4848,15492,14875
09/14 12:13:34,0,31,115,0.000030,39.329887,0.2960,0.0012,27.0304,15492,14875
09/14 12:13:38,0,41,115,0.000040,37.605042,0.3450,0.0014,23.1858,15492,14875
09/14 12:13:41,0,51,115,0.000050,34.172264,0.3115,0.0016,25.6817,16006,14888
09/14 12:13:44,0,61,115,0.000060,30.228699,0.3079,0.0016,25.9794,16006,14888
09/14 12:13:48,0,71,115,0.000070,27.277802,0.3135,0.0016,25.5173,18076,15845
09/14 12:13:51,0,81,115,0.000080,24.761569,0.3224,0.0016,24.8142,18076,15845
09/14 12:13:55,0,91,115,0.000090,22.726167,0.3126,0.0016,25.5880,18076,15845
09/14 12:13:58,0,101,115,0.000100,21.363507,0.3068,0.0017,26.0727,18076,15845
09/14 12:14:01,0,111,115,0.000100,20.338369,0.3052,0.0015,26.2119,18076,15845
09/14 12:14:33,1,1,115,0.000100,19.538241,0.4142,0.1028,19.3145,18076,15845
09/14 12:14:37,1,11,115,0.000100,18.211346,0.3360,0.0107,23.8080,18076,15845
09/14 12:14:41,1,21,115,0.000100,16.889350,0.3740,0.0016,21.3899,18076,15984
09/14 12:14:45,1,31,115,0.000100,16.541055,0.3689,0.0020,21.6858,18076,15984
09/14 12:14:48,1,41,115,0.000100,16.109720,0.3337,0.0014,23.9732,18076,15984
09/14 12:14:52,1,51,115,0.000100,15.514857,0.3024,0.0012,26.4527,18076,15984
09/14 12:14:55,1,61,115,0.000100,14.419297,0.3106,0.0013,25.7594,18076,15984
09/14 12:14:58,1,71,115,0.000100,14.413533,0.3061,0.0012,26.1351,18076,15984
09/14 12:15:02,1,81,115,0.000100,16.040061,0.3078,0.0012,25.9938,18076,15984
09/14 12:15:05,1,91,115,0.000100,13.902518,0.3115,0.0017,25.6846,18076,15984
09/14 12:15:09,1,101,115,0.000100,14.681583,0.3153,0.0012,25.3749,18076,15984
09/14 12:15:12,1,111,115,0.000100,14.350476,0.3251,0.0011,24.6082,18076,15984
09/14 12:15:51,2,1,115,0.000100,14.289808,0.5506,0.1936,14.5289,18076,15984
09/14 12:15:55,2,11,115,0.000100,13.681952,0.3442,0.0013,23.2434,18076,15984
09/14 12:15:59,2,21,115,0.000100,14.450240,0.3662,0.0015,21.8461,18076,15984
09/14 12:16:03,2,31,115,0.000100,13.366563,0.3674,0.0013,21.7769,18076,15984
09/14 12:16:07,2,41,115,0.000100,12.716173,0.3624,0.0023,22.0772,18076,15984
09/14 12:16:11,2,51,115,0.000100,13.509161,0.3674,0.0014,21.7730,18076,15984
09/14 12:16:15,2,61,115,0.000100,13.562500,0.3843,0.0014,20.8161,18076,15984
09/14 12:16:19,2,71,115,0.000100,13.706723,0.3637,0.0016,21.9962,18076,15984
09/14 12:16:23,2,81,115,0.000100,12.651264,0.3689,0.0016,21.6839,18076,15984
09/14 12:16:27,2,91,115,0.000100,12.120312,0.3540,0.0018,22.5995,18076,15984
09/14 12:16:30,2,101,115,0.000100,13.648894,0.3335,0.0013,23.9898,18076,15984
09/14 12:16:34,2,111,115,0.000100,13.397883,0.3195,0.0012,25.0427,18076,15984
09/14 12:17:15,3,1,115,0.000100,13.115522,0.5094,0.1512,15.7050,18076,15984
09/14 12:17:19,3,11,115,0.000100,13.842816,0.3591,0.0019,22.2770,18076,15984
09/14 12:17:23,3,21,115,0.000100,13.510080,0.3732,0.0016,21.4342,18076,15984
09/14 12:17:27,3,31,115,0.000100,13.091656,0.3806,0.0018,21.0213,18076,15984
09/14 12:17:31,3,41,115,0.000100,13.258447,0.3735,0.0014,21.4179,18076,15984
09/14 12:17:36,3,51,115,0.000100,13.465233,0.3694,0.0015,21.6576,18076,15984
09/14 12:17:40,3,61,115,0.000100,12.477278,0.3669,0.0015,21.8050,18076,15984
09/14 12:17:44,3,71,115,0.000100,12.825521,0.3789,0.0014,21.1148,18076,15984
09/14 12:17:48,3,81,115,0.000100,14.119929,0.3580,0.0014,22.3475,18076,15984
09/14 12:17:51,3,91,115,0.000100,12.022596,0.3163,0.0014,25.2896,18076,15984
09/14 12:17:55,3,101,115,0.000100,12.488208,0.3199,0.0012,25.0094,18076,15984
09/14 12:17:58,3,111,115,0.000100,12.597178,0.3307,0.0011,24.1938,18076,15984
09/14 12:18:31,4,1,115,0.000100,12.454031,0.5217,0.1613,15.3338,18076,15984
09/14 12:18:36,4,11,115,0.000100,13.171525,0.3900,0.0024,20.5105,18076,15984
09/14 12:18:40,4,21,115,0.000100,12.096852,0.4131,0.0017,19.3649,18076,15984
09/14 12:18:44,4,31,115,0.000100,11.574232,0.3807,0.0014,21.0136,18076,15984
09/14 12:18:49,4,41,115,0.000100,11.811126,0.4146,0.0019,19.2944,18076,15984
09/14 12:18:54,4,51,115,0.000100,12.746445,0.4233,0.0018,18.8991,18076,15984
09/14 12:18:58,4,61,115,0.000100,13.100056,0.4228,0.0019,18.9220,18076,15984
09/14 12:19:03,4,71,115,0.000100,12.273357,0.4126,0.0017,19.3882,18076,15984
09/14 12:19:07,4,81,115,0.000100,12.470668,0.4023,0.0017,19.8837,18076,15984
09/14 12:19:12,4,91,115,0.000100,12.466441,0.4061,0.0017,19.7014,18076,15984
09/14 12:19:16,4,101,115,0.000100,11.494800,0.3797,0.0016,21.0670,18076,15984
09/14 12:19:21,4,111,115,0.000100,12.602931,0.4400,0.0024,18.1814,18076,15984
09/14 12:19:57,5,1,115,0.000100,12.614541,0.5746,0.1798,13.9232,18076,15984
09/14 12:20:02,5,11,115,0.000100,12.287502,0.4408,0.0021,18.1486,18076,15984
09/14 12:20:07,5,21,115,0.000100,12.390903,0.4349,0.0019,18.3955,18076,15984
09/14 12:20:12,5,31,115,0.000100,11.496625,0.4343,0.0019,18.4185,18076,15984
09/14 12:20:16,5,41,115,0.000100,11.320924,0.4368,0.0019,18.3137,18076,15984
09/14 12:20:21,5,51,115,0.000100,12.373261,0.4360,0.0019,18.3482,18076,15984
09/14 12:20:26,5,61,115,0.000100,12.322722,0.4030,0.0017,19.8489,18076,15984
09/14 12:20:30,5,71,115,0.000100,11.243979,0.3683,0.0015,21.7242,18076,15984
09/14 12:20:34,5,81,115,0.000100,11.709175,0.3885,0.0015,20.5926,18076,15984
09/14 12:20:38,5,91,115,0.000100,12.936318,0.3737,0.0016,21.4079,18076,15984
09/14 12:20:43,5,101,115,0.000100,12.395452,0.3856,0.0014,20.7443,18076,15984
09/14 12:20:47,5,111,115,0.000100,11.001241,0.3704,0.0015,21.5982,18076,15984
09/14 12:21:15,6,1,115,0.000100,12.158355,0.5291,0.1433,15.1187,18076,15984
09/14 12:21:20,6,11,115,0.000100,12.124225,0.4730,0.0021,16.9134,18076,15984
09/14 12:21:25,6,21,115,0.000100,11.272595,0.4487,0.0583,17.8289,18076,15984
09/14 12:21:29,6,31,115,0.000100,11.514120,0.3681,0.0014,21.7342,18076,15984
09/14 12:21:33,6,41,115,0.000100,12.372885,0.3740,0.0015,21.3906,18076,15984
09/14 12:21:38,6,51,115,0.000100,11.434590,0.3737,0.0015,21.4047,18076,15984
09/14 12:21:42,6,61,115,0.000100,11.904129,0.3853,0.0015,20.7645,18076,15984
09/14 12:21:46,6,71,115,0.000100,11.951324,0.3826,0.0015,20.9083,18076,15984
09/14 12:21:50,6,81,115,0.000100,11.706818,0.3899,0.0016,20.5205,18076,15984
09/14 12:21:55,6,91,115,0.000100,11.495926,0.4018,0.0018,19.9089,18076,15984
09/14 12:21:59,6,101,115,0.000100,11.968575,0.3868,0.0014,20.6816,18076,15984
09/14 12:22:03,6,111,115,0.000100,11.141704,0.3733,0.0013,21.4280,18076,15984
09/14 12:22:33,7,1,115,0.000100,13.856991,0.5514,0.1549,14.5094,18076,15984
09/14 12:22:37,7,11,115,0.000100,12.086649,0.3704,0.0014,21.6011,18076,15984
09/14 12:22:41,7,21,115,0.000100,11.801192,0.3648,0.0015,21.9299,18076,15984
09/14 12:22:45,7,31,115,0.000100,11.431582,0.3761,0.0014,21.2698,18076,15984
09/14 12:22:49,7,41,115,0.000100,10.761014,0.3716,0.0015,21.5268,18076,15984
09/14 12:22:53,7,51,115,0.000100,11.430545,0.3513,0.0014,22.7696,18076,15984
09/14 12:22:57,7,61,115,0.000100,11.225520,0.3356,0.0012,23.8377,18076,15984
09/14 12:23:00,7,71,115,0.000100,11.696234,0.3392,0.0014,23.5876,18076,15984
09/14 12:23:04,7,81,115,0.000100,12.178537,0.3348,0.0013,23.8930,18076,15984
09/14 12:23:08,7,91,115,0.000100,12.229842,0.3364,0.0012,23.7836,18076,15984
09/14 12:23:11,7,101,115,0.000100,11.614180,0.3136,0.0014,25.5061,18076,15984
09/14 12:23:15,7,111,115,0.000100,11.355188,0.3320,0.0011,24.0945,18076,15984
09/14 12:23:47,8,1,115,0.000100,12.342550,0.4888,0.1572,16.3661,18076,15984
09/14 12:23:51,8,11,115,0.000100,11.726267,0.3274,0.0014,24.4373,18076,15984
09/14 12:23:54,8,21,115,0.000100,11.869610,0.3247,0.0012,24.6419,18076,15984
09/14 12:23:59,8,31,115,0.000100,11.275355,0.3938,0.0016,20.3129,18076,15984
09/14 12:24:03,8,41,115,0.000100,10.706751,0.3905,0.0016,20.4876,18076,15984
09/14 12:24:07,8,51,115,0.000100,11.832102,0.3804,0.0016,21.0299,18076,15984
09/14 12:24:11,8,61,115,0.000100,10.963766,0.3463,0.0016,23.1003,18076,15984
09/14 12:24:15,8,71,115,0.000100,11.967226,0.3423,0.0015,23.3713,18076,15984
09/14 12:24:18,8,81,115,0.000100,11.606433,0.3223,0.0013,24.8240,18076,15984
09/14 12:24:22,8,91,115,0.000100,12.682355,0.3249,0.0013,24.6232,18076,15984
09/14 12:24:26,8,101,115,0.000100,11.820967,0.3342,0.0014,23.9382,18076,15984
09/14 12:24:29,8,111,115,0.000100,10.889097,0.3425,0.0013,23.3546,18076,15984
09/14 12:25:05,9,1,115,0.000100,11.799442,0.6201,0.2802,12.9018,18076,15984
09/14 12:25:09,9,11,115,0.000100,11.112861,0.3668,0.0015,21.8124,18076,15984
09/14 12:25:13,9,21,115,0.000100,12.214840,0.3492,0.0014,22.9070,18076,15984
09/14 12:25:17,9,31,115,0.000100,11.011870,0.3977,0.0015,20.1148,18076,15984
09/14 12:25:21,9,41,115,0.000100,10.933677,0.3389,0.0013,23.6054,18076,15984
09/14 12:25:25,9,51,115,0.000100,12.199268,0.3606,0.0013,22.1836,18076,15984
09/14 12:25:29,9,61,115,0.000100,10.825830,0.3476,0.0014,23.0128,18076,15984
09/14 12:25:33,9,71,115,0.000100,12.225835,0.3385,0.0013,23.6366,18076,15984
09/14 12:25:36,9,81,115,0.000100,11.508235,0.3442,0.0013,23.2447,18076,15984
09/14 12:25:40,9,91,115,0.000100,11.559164,0.3543,0.0012,22.5791,18076,15984
09/14 12:25:44,9,101,115,0.000100,11.833929,0.3529,0.0013,22.6663,18076,15984
09/14 12:25:48,9,111,115,0.000100,12.422752,0.3406,0.0013,23.4870,18076,15984
09/14 12:26:23,10,1,115,0.000100,12.496963,0.5436,0.1996,14.7162,18076,15984
09/14 12:26:27,10,11,115,0.000100,10.594348,0.3391,0.0015,23.5919,18076,15984
09/14 12:26:31,10,21,115,0.000100,11.486282,0.3507,0.0013,22.8106,18076,15984
09/14 12:26:35,10,31,115,0.000100,11.031435,0.3516,0.0013,22.7510,18076,15984
09/14 12:26:39,10,41,115,0.000100,12.261052,0.3474,0.0012,23.0261,18076,15984
09/14 12:26:43,10,51,115,0.000100,11.898256,0.3537,0.0012,22.6200,18076,15984
09/14 12:26:46,10,61,115,0.000100,11.948791,0.3522,0.0013,22.7124,18076,15984
09/14 12:26:50,10,71,115,0.000100,11.330909,0.3459,0.0012,23.1286,18076,15984
09/14 12:26:54,10,81,115,0.000100,10.926988,0.3349,0.0012,23.8863,18076,15984
09/14 12:26:58,10,91,115,0.000100,11.800420,0.3516,0.0013,22.7534,18076,15984
09/14 12:27:02,10,101,115,0.000100,11.266191,0.3790,0.0017,21.1100,18076,15984
09/14 12:27:06,10,111,115,0.000100,10.573138,0.3686,0.0014,21.7061,18076,15984
09/14 12:27:30,11,1,115,0.000100,11.338187,0.5828,0.2240,13.7258,18076,15984
09/14 12:27:34,11,11,115,0.000100,11.273039,0.4009,0.0015,19.9573,18076,15984
09/14 12:27:39,11,21,115,0.000100,12.039291,0.3829,0.0017,20.8952,18076,15984
09/14 12:27:43,11,31,115,0.000100,12.250244,0.3880,0.0016,20.6161,18076,15984
09/14 12:27:47,11,41,115,0.000100,11.216011,0.3678,0.0016,21.7522,18076,15984
09/14 12:27:51,11,51,115,0.000100,12.120174,0.3746,0.0016,21.3543,18076,15984
09/14 12:27:55,11,61,115,0.000100,11.919307,0.3792,0.0014,21.0976,18076,15984
09/14 12:27:59,11,71,115,0.000100,10.068518,0.3504,0.0013,22.8319,18076,15984
09/14 12:28:03,11,81,115,0.000100,10.484098,0.3386,0.0013,23.6235,18076,15984
09/14 12:28:07,11,91,115,0.000100,10.748924,0.3564,0.0013,22.4497,18076,15984
09/14 12:28:10,11,101,115,0.000100,11.416462,0.3443,0.0012,23.2347,18076,15984
09/14 12:28:14,11,111,115,0.000100,11.875928,0.3510,0.0013,22.7936,18076,15984
09/14 12:28:40,12,1,115,0.000100,11.688999,0.6004,0.2324,13.3254,18076,15984
09/14 12:28:44,12,11,115,0.000100,10.611927,0.3506,0.0013,22.8160,18076,15984
09/14 12:28:48,12,21,115,0.000100,11.959639,0.3455,0.0012,23.1549,18076,15984
09/14 12:28:52,12,31,115,0.000100,10.819687,0.3575,0.0017,22.3775,18076,15984
09/14 12:28:56,12,41,115,0.000100,11.477245,0.3431,0.0014,23.3147,18076,15984
09/14 12:29:00,12,51,115,0.000100,10.900244,0.3625,0.0014,22.0662,18076,15984
09/14 12:29:04,12,61,115,0.000100,10.798368,0.3542,0.0019,22.5856,18076,15984
09/14 12:29:07,12,71,115,0.000100,11.190339,0.3588,0.0014,22.2959,18076,15984
09/14 12:29:11,12,81,115,0.000100,11.631567,0.3486,0.0017,22.9515,18076,15984
09/14 12:29:15,12,91,115,0.000100,11.601126,0.3591,0.0014,22.2778,18076,15984
09/14 12:29:19,12,101,115,0.000100,11.506911,0.3376,0.0012,23.6966,18076,15984
09/14 12:29:23,12,111,115,0.000100,10.606327,0.3399,0.0011,23.5346,18076,15984
09/14 12:29:46,13,1,115,0.000100,10.714238,0.4914,0.1296,16.2793,18076,15984
09/14 12:29:50,13,11,115,0.000100,10.630752,0.3953,0.0402,20.2402,18076,15984
09/14 12:29:54,13,21,115,0.000100,10.494828,0.3267,0.0014,24.4856,18076,15984
09/14 12:29:58,13,31,115,0.000100,12.214253,0.3588,0.0013,22.2993,18076,15984
09/14 12:30:01,13,41,115,0.000100,11.107023,0.3334,0.0014,23.9951,18076,15984
09/14 12:30:05,13,51,115,0.000100,11.471709,0.3412,0.0016,23.4488,18076,15984
09/14 12:30:09,13,61,115,0.000100,10.642899,0.3590,0.0013,22.2855,18076,15984
09/14 12:30:13,13,71,115,0.000100,11.638217,0.3523,0.0014,22.7063,18076,15984
09/14 12:30:17,13,81,115,0.000100,11.015140,0.3481,0.0012,22.9806,18076,15984
09/14 12:30:21,13,91,115,0.000100,11.207753,0.3439,0.0013,23.2607,18076,15984
09/14 12:30:24,13,101,115,0.000100,11.998584,0.3638,0.0016,21.9914,18076,15984
09/14 12:30:28,13,111,115,0.000100,11.559127,0.3227,0.0012,24.7879,18076,15984
09/14 12:30:54,14,1,115,0.000100,11.385018,0.5246,0.1687,15.2492,18076,15984
09/14 12:30:58,14,11,115,0.000100,11.192400,0.3665,0.0213,21.8284,18076,15984
09/14 12:31:01,14,21,115,0.000100,11.642001,0.3298,0.0013,24.2566,18076,15984
09/14 12:31:05,14,31,115,0.000100,11.835452,0.3258,0.0019,24.5585,18076,15984
09/14 12:31:09,14,41,115,0.000100,10.357631,0.3405,0.0014,23.4936,18076,15984
09/14 12:31:12,14,51,115,0.000100,10.701108,0.3458,0.0014,23.1352,18076,15984
09/14 12:31:16,14,61,115,0.000100,10.958105,0.3398,0.0012,23.5460,18076,15984
09/14 12:31:20,14,71,115,0.000100,10.297420,0.3229,0.0014,24.7736,18076,15984
09/14 12:31:23,14,81,115,0.000100,12.458726,0.3226,0.0016,24.7951,18076,15984
09/14 12:31:27,14,91,115,0.000100,11.456327,0.3264,0.0015,24.5121,18076,15984
09/14 12:31:30,14,101,115,0.000100,11.539423,0.3256,0.0013,24.5685,18076,15984
09/14 12:31:34,14,111,115,0.000100,10.796966,0.3376,0.0012,23.6953,18076,15984
09/14 12:32:08,15,1,115,0.000100,10.429278,0.4994,0.1515,16.0203,18076,15984
09/14 12:32:12,15,11,115,0.000100,11.716407,0.3352,0.0014,23.8693,18076,15984
09/14 12:32:16,15,21,115,0.000100,10.962620,0.3547,0.0013,22.5519,18076,15984
09/14 12:32:19,15,31,115,0.000100,11.295068,0.3387,0.0012,23.6212,18076,15984
09/14 12:32:23,15,41,115,0.000100,10.969064,0.3140,0.0013,25.4793,18076,15984
09/14 12:32:26,15,51,115,0.000100,10.500844,0.3247,0.0012,24.6364,18076,15984
09/14 12:32:30,15,61,115,0.000100,12.082798,0.3153,0.0013,25.3726,18076,15984
09/14 12:32:34,15,71,115,0.000100,10.823734,0.3744,0.0015,21.3687,18076,15984
09/14 12:32:38,15,81,115,0.000100,10.496912,0.3375,0.0013,23.7047,18076,15984
09/14 12:32:41,15,91,115,0.000100,11.110322,0.3337,0.0014,23.9754,18076,15984
09/14 12:32:45,15,101,115,0.000100,11.578807,0.3345,0.0013,23.9191,18076,15984
09/14 12:32:49,15,111,115,0.000100,10.777791,0.3356,0.0013,23.8405,18076,15984
09/14 12:33:14,16,1,115,0.000100,10.928458,0.5580,0.2207,14.3364,18076,15984
09/14 12:33:17,16,11,115,0.000100,11.524041,0.3328,0.0123,24.0419,18076,15984
09/14 12:33:21,16,21,115,0.000100,10.804992,0.3425,0.0012,23.3609,18076,15984
09/14 12:33:25,16,31,115,0.000100,10.799304,0.3297,0.0012,24.2628,18076,15984
09/14 12:33:28,16,41,115,0.000100,11.454529,0.3346,0.0019,23.9100,18076,15984
09/14 12:33:32,16,51,115,0.000100,11.437364,0.3360,0.0014,23.8110,18076,15984
09/14 12:33:36,16,61,115,0.000100,11.622691,0.3376,0.0013,23.6994,18076,15984
09/14 12:33:40,16,71,115,0.000100,10.657810,0.3393,0.0013,23.5770,18076,15984
09/14 12:33:43,16,81,115,0.000100,10.845612,0.3218,0.0012,24.8585,18076,15984
09/14 12:33:47,16,91,115,0.000100,10.971714,0.3450,0.0018,23.1888,18076,15984
09/14 12:33:51,16,101,115,0.000100,10.325846,0.3523,0.0015,22.7078,18076,15984
09/14 12:33:54,16,111,115,0.000100,10.519935,0.3451,0.0013,23.1788,18076,15984
09/14 12:34:17,17,1,115,0.000100,11.428561,0.4623,0.1065,17.3062,18076,15984
09/14 12:34:22,17,11,115,0.000100,10.416242,0.3913,0.0018,20.4462,18076,15984
